<?xml version="1.0" encoding="UTF-8"?>
<!DOCTYPE fontscolors PUBLIC "-//NetBeans//DTD Editor Fonts and Colors settings 1.1//EN" "http://www.netbeans.org/dtds/EditorFontsColors-1_1.dtd">
<fontscolors>
    <fontcolor default="string" foreColor="ff666600" name="preprocessor-user-include-literal"/>
    <fontcolor default="keyword" name="keyword-directive"/>
    <fontcolor default="keyword" foreColor="white" name="keyword"/>
    <fontcolor default="whitespace" name="whitespace"/>
    <fontcolor default="string" name="string-escape">
        <font style="bold"/>
    </fontcolor>
    <fontcolor default="number" foreColor="ff0099cc" name="number"/>
    <fontcolor default="string" foreColor="ff999900" name="preprocessor-system-include-literal"/>
    <fontcolor default="preprocessor" name="preprocessor-keyword-directive"/>
    <fontcolor default="operator" name="operator"/>
    <fontcolor default="char" name="character"/>
    <fontcolor foreColor="ff009b00" name="preprocessor"/>
    <fontcolor default="string" name="string-escape-invalid" waveUnderlined="ffce7b00">
        <font style="bold"/>
    </fontcolor>
    <fontcolor default="comment" name="html-tag">
        <font style="bold"/>
    </fontcolor>
    <fontcolor default="pragma-omp" name="pragma-omp-keyword-directive"/>
    <fontcolor default="error" name="errors"/>
    <fontcolor default="string" foreColor="magenta" name="string"/>
    <fontcolor default="preprocessor-keyword-directive" name="preprocessor-keyword"/>
    <fontcolor default="identifier" foreColor="white" name="preprocessor-identifier"/>
    <fontcolor default="comment" name="doxygen-tag">
        <font style="bold"/>
    </fontcolor>
    <fontcolor default="comment" name="comment"/>
    <fontcolor default="identifier" name="identifier"/>
    <fontcolor default="separator" name="separator"/>
    <fontcolor foreColor="ff2e92c7" name="pragma-omp"/>
    <fontcolor default="keyword" name="literal"/>
</fontscolors>
